<?xml version="1.0" encoding="utf-8"?>
<pml_schema xmlns="http://ufal.mff.cuni.cz/pdt/pml/schema/" version="1.1">
  <revision>0.0.1</revision>
  <description>Alpino DS 1.1</description>

  <root name="alpino_ds_pml" type="alpino_ds.type"/>

  <type name="alpino_ds.type">
    <structure>
      <member name="version"><cdata format="any"/></member>
      <member name="sentence"  type="sentence.type"/>
      <member name="comments">
        <sequence content_pattern="comment*">
          <element name="comment" type="comment.type"/>
        </sequence>
      </member>
      <member name="trees" role="#TREES">
	<sequence content_pattern="node">
	  <element name="node" type="node.type"/>
	</sequence>
      </member>
    </structure>
  </type>

  <type name="node.type">
    <container role="#NODE">
      <attribute name="rel" type="rel.type" required="1"/>
      <attribute name="pos" type="pos.type"/>
      <attribute name="cat" type="cat.type"/>
      <attribute name="index"><cdata format="nonNegativeInteger"/></attribute>
      <attribute name="root"><cdata format="normalizedString"/></attribute>
      <attribute name="postag"><cdata format="normalizedString"/></attribute>
      <attribute name="lemma"><cdata format="normalizedString"/></attribute>
      <attribute name="word"><cdata format="normalizedString"/></attribute>
      <attribute name="wordno"><cdata format="nonNegativeInteger"/></attribute>
<!--      <attribute name="begin"><cdata format="nonNegativeInteger"/></attribute> -->
<!--      <attribute name="end"><cdata format="nonNegativeInteger"/></attribute> -->
<!--     <attribute name="id"><cdata format="nonNegativeInteger"/></attribute> -->
      <sequence role="#CHILDNODES" content_pattern="node*">
        <element name="node" type="node.type"/>
      </sequence>
    </container>
  </type>

  <type name="sentence.type">
    <cdata format="any"/>
  </type>

  <type name="comment.type">
    <cdata format="any"/>
  </type>


  <type name="rel.type">
    <choice>
      <value>--</value>
      <value>app</value>
      <value>body</value>
      <value>cmp</value>
      <value>cnj</value>
      <value>crd</value>
      <value>det</value>
      <value>dlink</value>
      <value>dp</value>
      <value>hd</value>
      <value>hdf</value>
      <value>ld</value>
      <value>me</value>
      <value>mod</value>
      <value>mwp</value>
      <value>nucl</value>
      <value>obcomp</value>
      <value>obj1</value>
      <value>obj2</value>
      <value>pc</value>
      <value>pobj1</value>
      <value>predc</value>
      <value>predm</value>
      <value>rhd</value>
      <value>sat</value>
      <value>se</value>
      <value>su</value>
      <value>sup</value>
      <value>svp</value>
      <value>tag</value>
      <value>top</value>
      <value>vc</value>
      <value>whd</value>
    </choice>
  </type>

  <type name="cat.type">
    <choice>
      <value>advp</value>
      <value>ahi</value>
      <value>ap</value>
      <value>conj</value>
      <value>cp</value>
      <value>detp</value>
      <value>du</value>
      <value>inf</value>
      <value>mwu</value>
      <value>np</value>
      <value>oti</value>
      <value>pp</value>
      <value>ppart</value>
      <value>ppres</value>
      <value>rel</value>
      <value>smain</value>
      <value>ssub</value>
      <value>sv1</value>
      <value>svan</value>
      <value>ti</value>
      <value>whq</value>
      <value>whrel</value>
      <value>whsub</value>
      <value>top</value>
    </choice>
  </type>

  <type name="pos.type">
    <choice>
      <value>adj</value>
      <value>adv</value>
      <value>ahi</value>
      <value>comp</value>
      <value>comparative</value>
      <value>det</value>
      <value>fixed</value>
      <value>name</value>
      <value>noun</value>
      <value>num</value>
      <value>part</value>
      <value>pp</value>
      <value>prefix</value>
      <value>prep</value>
      <value>pron</value>
      <value>punct</value>
      <value>tag</value>
      <value>te</value>
      <value>verb</value>
      <value>vg</value>
      <value>--</value>
    </choice>
  </type>



</pml_schema>
