<?xml version="1.0" encoding="utf-8"?>
<pml_schema xmlns="http://ufal.mff.cuni.cz/pdt/pml/schema/" version="1.1">
  <revision>0.0.2</revision>
  <description>Alpino DS 1.5</description>

  <root name="alpino_ds_pml" type="alpino_ds.type"/>

  <type name="alpino_ds.type">
    <structure>
      <member name="version"><cdata format="any"/></member>
      <member name="metadata">
        <sequence content_pattern="meta*">
          <element name="meta" type="meta.type"/>
        </sequence>
      </member>
      <member name="sentence" type="sentence.type"/>
      <member name="sentid"><cdata format="any"/></member>
      <member name="comments">
        <sequence content_pattern="comment*">
          <element name="comment" type="comment.type"/>
        </sequence>
      </member>
      <member name="trees" role="#TREES">
        <sequence content_pattern="node">
          <element name="node" type="node.type"/>
        </sequence>
      </member>
    </structure>
  </type>

  <type name="meta.type">
    <structure>
      <member name="type" type="meta.type.type"/>
      <member name="name"><cdata format="any"/></member>
      <member name="value"><cdata format="any"/></member>
    </structure>
  </type>

  <type name="node.type">
    <container role="#NODE">
      <attribute name="rel" type="rel.type" required="1"/>
      <attribute name="pos" type="pos.type"/>
      <attribute name="cat" type="cat.type"/>
      <attribute name="postag" type="postag.type"/>
      <attribute name="index"><cdata format="nonNegativeInteger"/></attribute>
      <attribute name="root"><cdata format="normalizedString"/></attribute>
      <attribute name="lemma"><cdata format="normalizedString"/></attribute>
      <attribute name="word"><cdata format="normalizedString"/></attribute>
      <!-- START: attributes added since version 1.1 -->
      <!-- not needed:
           buiging
           conjtype
           dial
           genus
           getal
           getal-n
           graad
           lwtype
           naamval
           npagr
           ntype
           numtype
           pdtype
           persoon
           positie
           pt
           pvagr
           pvtijd
           spectype
           status
           vwtype
           vztype
           wvorm
      -->
      <!--
      <attribute name="aform"><cdata format="normalizedString"/></attribute>
      <attribute name="case"><cdata format="normalizedString"/></attribute>
      <attribute name="comparative"><cdata format="normalizedString"/></attribute>
      <attribute name="def"><cdata format="normalizedString"/></attribute>
      <attribute name="frame"><cdata format="normalizedString"/></attribute>
      <attribute name="gen"><cdata format="normalizedString"/></attribute>
      <attribute name="iets"><cdata format="normalizedString"/></attribute>
      <attribute name="infl"><cdata format="normalizedString"/></attribute>
      <attribute name="lcat"><cdata format="normalizedString"/></attribute>
      <attribute name="mwu_root"><cdata format="normalizedString"/></attribute>
      <attribute name="mwu_sense"><cdata format="normalizedString"/></attribute>
      <attribute name="neclass"><cdata format="normalizedString"/></attribute>
      <attribute name="num"><cdata format="normalizedString"/></attribute>
      <attribute name="pb" type="pb.type"/>
      <attribute name="per"><cdata format="normalizedString"/></attribute>
      <attribute name="personalized"><cdata format="normalizedString"/></attribute>
      <attribute name="pron"><cdata format="normalizedString"/></attribute>
      <attribute name="refl"><cdata format="normalizedString"/></attribute>
      <attribute name="rnum"><cdata format="normalizedString"/></attribute>
      <attribute name="sc"><cdata format="normalizedString"/></attribute>
      -->
      <attribute name="sense"><cdata format="normalizedString"/></attribute>
      <!--
      <attribute name="special"><cdata format="normalizedString"/></attribute>
      <attribute name="stype"><cdata format="normalizedString"/></attribute>
      <attribute name="tense"><cdata format="normalizedString"/></attribute>
      <attribute name="vform"><cdata format="normalizedString"/></attribute>
      <attribute name="wh"><cdata format="normalizedString"/></attribute>
      <attribute name="wk" type="wk.type"/>
      -->
      <!-- END: attributes added since version 1.1 -->
      <attribute name="wordno"><cdata format="nonNegativeInteger"/></attribute>
      <!-- <attribute name="begin"><cdata format="nonNegativeInteger"/></attribute> -->
      <!-- <attribute name="end"><cdata format="nonNegativeInteger"/></attribute> -->
      <!-- <attribute name="id"><cdata format="nonNegativeInteger"/></attribute> -->
      <sequence role="#CHILDNODES" content_pattern="node*">
        <element name="node" type="node.type"/>
      </sequence>
    </container>
  </type>

  <type name="sentence.type">
    <cdata format="any"/>
  </type>

  <type name="comment.type">
    <cdata format="any"/>
  </type>

  <type name="meta.type.type">
    <choice>
      <value>text</value>
      <value>int</value>
      <value>float</value>
      <value>date</value>
      <value>datetime</value>
    </choice>
  </type>

  <type name="rel.type">
    <choice>
      <value>--</value>
      <value>app</value>
      <value>body</value>
      <value>cmp</value>
      <value>cnj</value>
      <value>crd</value>
      <value>det</value>
      <value>dlink</value>
      <value>dp</value>
      <value>hd</value>
      <value>hdf</value>
      <value>ld</value>
      <value>me</value>
      <value>mod</value>
      <value>mwp</value>
      <value>nucl</value>
      <value>obcomp</value>
      <value>obj1</value>
      <value>obj2</value>
      <value>pc</value>
      <value>pobj1</value>
      <value>predc</value>
      <value>predm</value>
      <value>rhd</value>
      <value>sat</value>
      <value>se</value>
      <value>su</value>
      <value>sup</value>
      <value>svp</value>
      <value>tag</value>
      <value>top</value>
      <value>vc</value>
      <value>whd</value>
    </choice>
  </type>

  <type name="cat.type">
    <choice>
      <value>advp</value>
      <value>ahi</value>
      <value>ap</value>
      <value>conj</value>
      <value>cp</value>
      <value>detp</value>
      <value>du</value>
      <value>inf</value>
      <value>mwu</value>
      <value>np</value>
      <value>oti</value>
      <value>pp</value>
      <value>ppart</value>
      <value>ppres</value>
      <value>rel</value>
      <value>smain</value>
      <value>ssub</value>
      <value>sv1</value>
      <value>svan</value>
      <value>ti</value>
      <value>whq</value>
      <value>whrel</value>
      <value>whsub</value>
      <value>top</value>
    </choice>
  </type>

  <type name="pos.type">
    <choice>
      <value>adj</value>
      <value>adv</value>
      <value>ahi</value>
      <value>comp</value>
      <value>comparative</value>
      <value>det</value>
      <value>fixed</value>
      <value>name</value>
      <value>noun</value>
      <value>num</value>
      <value>part</value>
      <value>pp</value>
      <value>prefix</value>
      <value>prep</value>
      <value>pron</value>
      <value>punct</value>
      <value>tag</value>
      <value>te</value>
      <value>verb</value>
      <value>vg</value>
      <value>--</value>
    </choice>
  </type>

<type name="postag.type">
  <choice>
    <value>ADJ(dial)</value>
    <value>ADJ(nom,basis,met-e,mv-n)</value>
    <value>ADJ(nom,basis,met-e,zonder-n,bijz)</value>
    <value>ADJ(nom,basis,met-e,zonder-n,stan)</value>
    <value>ADJ(nom,basis,zonder,mv-n)</value>
    <value>ADJ(nom,basis,zonder,zonder-n)</value>
    <value>ADJ(nom,comp,met-e,mv-n)</value>
    <value>ADJ(nom,comp,met-e,zonder-n,bijz)</value>
    <value>ADJ(nom,comp,met-e,zonder-n,stan)</value>
    <value>ADJ(nom,comp,zonder,zonder-n)</value>
    <value>ADJ(nom,sup,met-e,mv-n)</value>
    <value>ADJ(nom,sup,met-e,zonder-n,bijz)</value>
    <value>ADJ(nom,sup,met-e,zonder-n,stan)</value>
    <value>ADJ(nom,sup,zonder,zonder-n)</value>
    <value>ADJ(postnom,basis,met-s)</value>
    <value>ADJ(postnom,basis,zonder)</value>
    <value>ADJ(postnom,comp,met-s)</value>
    <value>ADJ(postnom,comp,zonder)</value>
    <value>ADJ(prenom,basis,met-e,bijz)</value>
    <value>ADJ(prenom,basis,met-e,stan)</value>
    <value>ADJ(prenom,basis,zonder)</value>
    <value>ADJ(prenom,comp,met-e,bijz)</value>
    <value>ADJ(prenom,comp,met-e,stan)</value>
    <value>ADJ(prenom,comp,zonder)</value>
    <value>ADJ(prenom,sup,met-e,bijz)</value>
    <value>ADJ(prenom,sup,met-e,stan)</value>
    <value>ADJ(prenom,sup,zonder)</value>
    <value>ADJ(vrij,basis,zonder)</value>
    <value>ADJ(vrij,comp,zonder)</value>
    <value>ADJ(vrij,dim,zonder)</value>
    <value>ADJ(vrij,sup,zonder)</value>
    <value>BW()</value>
    <value>BW(dial)</value>
    <value>LET()</value>
    <value>LID(bep,dat,evf)</value>
    <value>LID(bep,dat,evmo)</value>
    <value>LID(bep,dat,mv)</value>
    <value>LID(bep,dial)</value>
    <value>LID(bep,gen,evmo)</value>
    <value>LID(bep,gen,rest)</value>
    <value>LID(bep,stan,evon)</value>
    <value>LID(bep,stan,rest)</value>
    <value>LID(onbep,dial)</value>
    <value>LID(onbep,gen,evf)</value>
    <value>LID(onbep,stan,agr)</value>
    <value>N(eigen,dial)</value>
    <value>N(eigen,ev,basis,dat)</value>
    <value>N(eigen,ev,basis,gen)</value>
    <value>N(eigen,ev,basis,genus,stan)</value>
    <value>N(eigen,ev,basis,onz,stan)</value>
    <value>N(eigen,ev,basis,zijd,stan)</value>
    <value>N(eigen,ev,dim,gen)</value>
    <value>N(eigen,ev,dim,onz,stan)</value>
    <value>N(eigen,mv,basis)</value>
    <value>N(eigen,mv,dim)</value>
    <value>N(soort,dial)</value>
    <value>N(soort,ev,basis,dat)</value>
    <value>N(soort,ev,basis,gen)</value>
    <value>N(soort,ev,basis,genus,stan)</value>
    <value>N(soort,ev,basis,onz,stan)</value>
    <value>N(soort,ev,basis,zijd,stan)</value>
    <value>N(soort,ev,dim,gen)</value>
    <value>N(soort,ev,dim,onz,stan)</value>
    <value>N(soort,mv,basis)</value>
    <value>N(soort,mv,dim)</value>
    <value>SPEC(achter)</value>
    <value>SPEC(afgebr)</value>
    <value>SPEC(afk)</value>
    <value>SPEC(comment)</value>
    <value>SPEC(deeleigen)</value>
    <value>SPEC(meta)</value>
    <value>SPEC(onverst)</value>
    <value>SPEC(symb)</value>
    <value>SPEC(vreemd)</value>
    <value>TSW()</value>
    <value>TSW(dial)</value>
    <value>TW(hoofd,dial)</value>
    <value>TW(hoofd,nom,mv-n,basis)</value>
    <value>TW(hoofd,nom,mv-n,dim)</value>
    <value>TW(hoofd,nom,zonder-n,basis)</value>
    <value>TW(hoofd,nom,zonder-n,dim)</value>
    <value>TW(hoofd,prenom,bijz)</value>
    <value>TW(hoofd,prenom,stan)</value>
    <value>TW(hoofd,vrij)</value>
    <value>TW(rang,dial)</value>
    <value>TW(rang,nom,mv-n)</value>
    <value>TW(rang,nom,zonder-n)</value>
    <value>TW(rang,prenom,bijz)</value>
    <value>TW(rang,prenom,stan)</value>
    <value>VG(neven)</value>
    <value>VG(neven,dial)</value>
    <value>VG(onder)</value>
    <value>VG(onder,dial)</value>
    <value>VNW(aanw,adv-pron,obl,vol,3o,getal)</value>
    <value>VNW(aanw,adv-pron,stan,red,3,getal)</value>
    <value>VNW(aanw,det,dat,nom,met-e,zonder-n)</value>
    <value>VNW(aanw,det,dat,prenom,met-e,evf)</value>
    <value>VNW(aanw,det,dat,prenom,met-e,evmo)</value>
    <value>VNW(aanw,det,dial)</value>
    <value>VNW(aanw,det,gen,nom,met-e,zonder-n)</value>
    <value>VNW(aanw,det,gen,prenom,met-e,rest)</value>
    <value>VNW(aanw,det,stan,nom,met-e,mv-n)</value>
    <value>VNW(aanw,det,stan,nom,met-e,zonder-n)</value>
    <value>VNW(aanw,det,stan,prenom,met-e,rest)</value>
    <value>VNW(aanw,det,stan,prenom,zonder,agr)</value>
    <value>VNW(aanw,det,stan,prenom,zonder,evon)</value>
    <value>VNW(aanw,det,stan,prenom,zonder,rest)</value>
    <value>VNW(aanw,det,stan,vrij,zonder)</value>
    <value>VNW(aanw,pron,dial)</value>
    <value>VNW(aanw,pron,gen,vol,3m,ev)</value>
    <value>VNW(aanw,pron,gen,vol,3o,ev)</value>
    <value>VNW(aanw,pron,stan,nadr,3o,ev)</value>
    <value>VNW(aanw,pron,stan,vol,3,getal)</value>
    <value>VNW(aanw,pron,stan,vol,3o,ev)</value>
    <value>VNW(betr,det,dial)</value>
    <value>VNW(betr,det,stan,nom,met-e,zonder-n)</value>
    <value>VNW(betr,det,stan,nom,zonder,zonder-n)</value>
    <value>VNW(betr,pron,dial)</value>
    <value>VNW(betr,pron,gen,vol,3o,ev)</value>
    <value>VNW(betr,pron,gen,vol,3o,getal)</value>
    <value>VNW(betr,pron,stan,vol,3,ev)</value>
    <value>VNW(betr,pron,stan,vol,persoon,getal)</value>
    <value>VNW(bez,det,dat,vol,1,ev,nom,met-e,zonder-n)</value>
    <value>VNW(bez,det,dat,vol,1,ev,prenom,met-e,evf)</value>
    <value>VNW(bez,det,dat,vol,1,ev,prenom,met-e,evmo)</value>
    <value>VNW(bez,det,dat,vol,1,mv,nom,met-e,zonder-n)</value>
    <value>VNW(bez,det,dat,vol,1,mv,prenom,met-e,evf)</value>
    <value>VNW(bez,det,dat,vol,1,mv,prenom,met-e,evmo)</value>
    <value>VNW(bez,det,dat,vol,2,getal,nom,met-e,zonder-n)</value>
    <value>VNW(bez,det,dat,vol,2,getal,prenom,met-e,evf)</value>
    <value>VNW(bez,det,dat,vol,2,getal,prenom,met-e,evmo)</value>
    <value>VNW(bez,det,dat,vol,2v,ev,prenom,met-e,evf)</value>
    <value>VNW(bez,det,dat,vol,3,ev,prenom,met-e,evf)</value>
    <value>VNW(bez,det,dat,vol,3,ev,prenom,met-e,evmo)</value>
    <value>VNW(bez,det,dat,vol,3m,ev,nom,met-e,zonder-n)</value>
    <value>VNW(bez,det,dat,vol,3p,mv,nom,met-e,zonder-n)</value>
    <value>VNW(bez,det,dat,vol,3p,mv,prenom,met-e,evf)</value>
    <value>VNW(bez,det,dat,vol,3p,mv,prenom,met-e,evmo)</value>
    <value>VNW(bez,det,dat,vol,3v,ev,nom,met-e,zonder-n)</value>
    <value>VNW(bez,det,dat,vol,3v,ev,prenom,met-e,evf)</value>
    <value>VNW(bez,det,dat,vol,3v,ev,prenom,met-e,evmo)</value>
    <value>VNW(bez,det,dial)</value>
    <value>VNW(bez,det,gen,vol,1,ev,prenom,met-e,rest)</value>
    <value>VNW(bez,det,gen,vol,1,ev,prenom,zonder,evmo)</value>
    <value>VNW(bez,det,gen,vol,1,mv,prenom,met-e,evmo)</value>
    <value>VNW(bez,det,gen,vol,1,mv,prenom,met-e,rest)</value>
    <value>VNW(bez,det,gen,vol,2,getal,prenom,met-e,rest)</value>
    <value>VNW(bez,det,gen,vol,2,getal,prenom,zonder,evmo)</value>
    <value>VNW(bez,det,gen,vol,2v,ev,prenom,met-e,rest)</value>
    <value>VNW(bez,det,gen,vol,3,ev,prenom,met-e,rest)</value>
    <value>VNW(bez,det,gen,vol,3,ev,prenom,zonder,evmo)</value>
    <value>VNW(bez,det,gen,vol,3p,mv,prenom,met-e,rest)</value>
    <value>VNW(bez,det,gen,vol,3p,mv,prenom,zonder,evmo)</value>
    <value>VNW(bez,det,gen,vol,3v,ev,prenom,met-e,rest)</value>
    <value>VNW(bez,det,gen,vol,3v,ev,prenom,zonder,evmo)</value>
    <value>VNW(bez,det,stan,nadr,2v,mv,prenom,zonder,agr)</value>
    <value>VNW(bez,det,stan,red,1,ev,prenom,zonder,agr)</value>
    <value>VNW(bez,det,stan,red,2v,ev,prenom,zonder,agr)</value>
    <value>VNW(bez,det,stan,red,3,ev,prenom,zonder,agr)</value>
    <value>VNW(bez,det,stan,red,3,getal,prenom,zonder,agr)</value>
    <value>VNW(bez,det,stan,vol,1,ev,nom,met-e,mv-n)</value>
    <value>VNW(bez,det,stan,vol,1,ev,nom,met-e,zonder-n)</value>
    <value>VNW(bez,det,stan,vol,1,ev,prenom,met-e,rest)</value>
    <value>VNW(bez,det,stan,vol,1,ev,prenom,zonder,agr)</value>
    <value>VNW(bez,det,stan,vol,1,mv,nom,met-e,mv-n)</value>
    <value>VNW(bez,det,stan,vol,1,mv,nom,met-e,zonder-n)</value>
    <value>VNW(bez,det,stan,vol,1,mv,prenom,met-e,rest)</value>
    <value>VNW(bez,det,stan,vol,1,mv,prenom,zonder,evon)</value>
    <value>VNW(bez,det,stan,vol,2,getal,nom,met-e,mv-n)</value>
    <value>VNW(bez,det,stan,vol,2,getal,nom,met-e,zonder-n)</value>
    <value>VNW(bez,det,stan,vol,2,getal,prenom,met-e,rest)</value>
    <value>VNW(bez,det,stan,vol,2,getal,prenom,zonder,agr)</value>
    <value>VNW(bez,det,stan,vol,2v,ev,nom,met-e,mv-n)</value>
    <value>VNW(bez,det,stan,vol,2v,ev,nom,met-e,zonder-n)</value>
    <value>VNW(bez,det,stan,vol,2v,ev,prenom,zonder,agr)</value>
    <value>VNW(bez,det,stan,vol,3,ev,prenom,zonder,agr)</value>
    <value>VNW(bez,det,stan,vol,3,mv,prenom,zonder,agr)</value>
    <value>VNW(bez,det,stan,vol,3m,ev,nom,met-e,mv-n)</value>
    <value>VNW(bez,det,stan,vol,3m,ev,nom,met-e,zonder-n)</value>
    <value>VNW(bez,det,stan,vol,3m,ev,prenom,met-e,rest)</value>
    <value>VNW(bez,det,stan,vol,3p,mv,nom,met-e,mv-n)</value>
    <value>VNW(bez,det,stan,vol,3p,mv,nom,met-e,zonder-n)</value>
    <value>VNW(bez,det,stan,vol,3p,mv,prenom,met-e,rest)</value>
    <value>VNW(bez,det,stan,vol,3v,ev,nom,met-e,mv-n)</value>
    <value>VNW(bez,det,stan,vol,3v,ev,nom,met-e,zonder-n)</value>
    <value>VNW(bez,det,stan,vol,3v,ev,prenom,met-e,rest)</value>
    <value>VNW(excl,det,dial)</value>
    <value>VNW(excl,det,stan,vrij,zonder)</value>
    <value>VNW(excl,pron,dial)</value>
    <value>VNW(excl,pron,stan,vol,3,getal)</value>
    <value>VNW(onbep,adv-pron,gen,red,3,getal)</value>
    <value>VNW(onbep,adv-pron,obl,vol,3o,getal)</value>
    <value>VNW(onbep,det,dat,prenom,met-e,evf)</value>
    <value>VNW(onbep,det,dat,prenom,met-e,evmo)</value>
    <value>VNW(onbep,det,dial)</value>
    <value>VNW(onbep,det,gen,nom,met-e,mv-n)</value>
    <value>VNW(onbep,det,gen,prenom,met-e,mv)</value>
    <value>VNW(onbep,det,stan,nom,met-e,mv-n)</value>
    <value>VNW(onbep,det,stan,nom,met-e,zonder-n)</value>
    <value>VNW(onbep,det,stan,nom,zonder,zonder-n)</value>
    <value>VNW(onbep,det,stan,prenom,met-e,agr)</value>
    <value>VNW(onbep,det,stan,prenom,met-e,evz)</value>
    <value>VNW(onbep,det,stan,prenom,met-e,mv)</value>
    <value>VNW(onbep,det,stan,prenom,met-e,rest)</value>
    <value>VNW(onbep,det,stan,prenom,zonder,agr)</value>
    <value>VNW(onbep,det,stan,prenom,zonder,evon)</value>
    <value>VNW(onbep,det,stan,vrij,zonder)</value>
    <value>VNW(onbep,grad,gen,nom,met-e,mv-n,basis)</value>
    <value>VNW(onbep,grad,stan,nom,met-e,mv-n,basis)</value>
    <value>VNW(onbep,grad,stan,nom,met-e,mv-n,sup)</value>
    <value>VNW(onbep,grad,stan,nom,met-e,zonder-n,basis)</value>
    <value>VNW(onbep,grad,stan,nom,met-e,zonder-n,sup)</value>
    <value>VNW(onbep,grad,stan,nom,zonder,mv-n,dim)</value>
    <value>VNW(onbep,grad,stan,prenom,met-e,agr,basis)</value>
    <value>VNW(onbep,grad,stan,prenom,met-e,agr,comp)</value>
    <value>VNW(onbep,grad,stan,prenom,met-e,agr,sup)</value>
    <value>VNW(onbep,grad,stan,prenom,met-e,mv,basis)</value>
    <value>VNW(onbep,grad,stan,prenom,zonder,agr,basis)</value>
    <value>VNW(onbep,grad,stan,prenom,zonder,agr,comp)</value>
    <value>VNW(onbep,grad,stan,vrij,zonder,basis)</value>
    <value>VNW(onbep,grad,stan,vrij,zonder,comp)</value>
    <value>VNW(onbep,grad,stan,vrij,zonder,sup)</value>
    <value>VNW(onbep,pron,dial)</value>
    <value>VNW(onbep,pron,gen,vol,3p,ev)</value>
    <value>VNW(onbep,pron,stan,vol,3o,ev)</value>
    <value>VNW(onbep,pron,stan,vol,3p,ev)</value>
    <value>VNW(pers,pron,dial)</value>
    <value>VNW(pers,pron,gen,vol,1,ev)</value>
    <value>VNW(pers,pron,gen,vol,1,mv)</value>
    <value>VNW(pers,pron,gen,vol,2,getal)</value>
    <value>VNW(pers,pron,gen,vol,3m,ev)</value>
    <value>VNW(pers,pron,gen,vol,3p,mv)</value>
    <value>VNW(pers,pron,gen,vol,3v,getal)</value>
    <value>VNW(pers,pron,nomin,nadr,1,ev)</value>
    <value>VNW(pers,pron,nomin,nadr,1,mv)</value>
    <value>VNW(pers,pron,nomin,nadr,2,getal)</value>
    <value>VNW(pers,pron,nomin,nadr,2b,getal)</value>
    <value>VNW(pers,pron,nomin,nadr,2v,ev)</value>
    <value>VNW(pers,pron,nomin,nadr,3m,ev,masc)</value>
    <value>VNW(pers,pron,nomin,nadr,3p,mv)</value>
    <value>VNW(pers,pron,nomin,nadr,3v,ev,fem)</value>
    <value>VNW(pers,pron,nomin,red,1,ev)</value>
    <value>VNW(pers,pron,nomin,red,1,mv)</value>
    <value>VNW(pers,pron,nomin,red,2,getal)</value>
    <value>VNW(pers,pron,nomin,red,2v,ev)</value>
    <value>VNW(pers,pron,nomin,red,3,ev,masc)</value>
    <value>VNW(pers,pron,nomin,red,3p,ev,masc)</value>
    <value>VNW(pers,pron,nomin,vol,1,ev)</value>
    <value>VNW(pers,pron,nomin,vol,1,mv)</value>
    <value>VNW(pers,pron,nomin,vol,2,getal)</value>
    <value>VNW(pers,pron,nomin,vol,2b,getal)</value>
    <value>VNW(pers,pron,nomin,vol,2v,ev)</value>
    <value>VNW(pers,pron,nomin,vol,3,ev,masc)</value>
    <value>VNW(pers,pron,nomin,vol,3p,mv)</value>
    <value>VNW(pers,pron,nomin,vol,3v,ev,fem)</value>
    <value>VNW(pers,pron,obl,nadr,3m,ev,masc)</value>
    <value>VNW(pers,pron,obl,nadr,3p,mv)</value>
    <value>VNW(pers,pron,obl,nadr,3v,getal,fem)</value>
    <value>VNW(pers,pron,obl,red,3,ev,masc)</value>
    <value>VNW(pers,pron,obl,red,3v,getal,fem)</value>
    <value>VNW(pers,pron,obl,vol,2v,ev)</value>
    <value>VNW(pers,pron,obl,vol,3,ev,masc)</value>
    <value>VNW(pers,pron,obl,vol,3,getal,fem)</value>
    <value>VNW(pers,pron,obl,vol,3p,mv)</value>
    <value>VNW(pers,pron,stan,nadr,2v,mv)</value>
    <value>VNW(pers,pron,stan,red,3,ev,fem)</value>
    <value>VNW(pers,pron,stan,red,3,ev,onz)</value>
    <value>VNW(pers,pron,stan,red,3,mv)</value>
    <value>VNW(pr,pron,obl,nadr,1,ev)</value>
    <value>VNW(pr,pron,obl,nadr,1,mv)</value>
    <value>VNW(pr,pron,obl,nadr,2,getal)</value>
    <value>VNW(pr,pron,obl,nadr,2v,getal)</value>
    <value>VNW(pr,pron,obl,red,1,ev)</value>
    <value>VNW(pr,pron,obl,red,2v,getal)</value>
    <value>VNW(pr,pron,obl,vol,1,ev)</value>
    <value>VNW(pr,pron,obl,vol,1,mv)</value>
    <value>VNW(pr,pron,obl,vol,2,getal)</value>
    <value>VNW(recip,pron,dial)</value>
    <value>VNW(recip,pron,gen,vol,persoon,mv)</value>
    <value>VNW(recip,pron,obl,vol,persoon,mv)</value>
    <value>VNW(refl,pron,dial</value>
    <value>VNW(refl,pron,obl,nadr,3,getal)</value>
    <value>VNW(refl,pron,obl,red,3,getal)</value>
    <value>VNW(vb,adv-pron,obl,vol,3o,getal)</value>
    <value>VNW(vb,det,stan,nom,met-e,zonder-n)</value>
    <value>VNW(vb,det,stan,prenom,met-e,rest)</value>
    <value>VNW(vb,det,stan,prenom,zonder,evon)</value>
    <value>VNW(vb,pron,gen,vol,3m,ev)</value>
    <value>VNW(vb,pron,gen,vol,3p,mv)</value>
    <value>VNW(vb,pron,gen,vol,3v,ev)</value>
    <value>VNW(vb,pron,stan,vol,3o,ev)</value>
    <value>VNW(vb,pron,stan,vol,3p,getal)</value>
    <value>VNW(vrag,det,dial)</value>
    <value>VNW(vrag,pron,dial)</value>
    <value>VNW(vrag,pron,stan,nadr,3o,ev)</value>
    <value>VZ(fin)</value>
    <value>VZ(fin,dial)</value>
    <value>VZ(init)</value>
    <value>VZ(init,dial)</value>
    <value>VZ(versm)</value>
    <value>WW(dial)</value>
    <value>WW(inf,nom,zonder,zonder-n)</value>
    <value>WW(inf,prenom,met-e)</value>
    <value>WW(inf,prenom,zonder)</value>
    <value>WW(inf,vrij,zonder)</value>
    <value>WW(od,nom,met-e,mv-n)</value>
    <value>WW(od,nom,met-e,zonder-n)</value>
    <value>WW(od,prenom,met-e)</value>
    <value>WW(od,prenom,zonder)</value>
    <value>WW(od,vrij,zonder)</value>
    <value>WW(pv,conj,ev)</value>
    <value>WW(pv,tgw,ev)</value>
    <value>WW(pv,tgw,met-t)</value>
    <value>WW(pv,tgw,mv)</value>
    <value>WW(pv,verl,ev)</value>
    <value>WW(pv,verl,met-t)</value>
    <value>WW(pv,verl,mv)</value>
    <value>WW(vd,nom,met-e,mv-n)</value>
    <value>WW(vd,nom,met-e,zonder-n)</value>
    <value>WW(vd,prenom,met-e)</value>
    <value>WW(vd,prenom,zonder)</value>
    <value>WW(vd,vrij,zonder)</value>
    <value>---</value>
  </choice>
</type>

  <type name="pb.type">
    <choice>
      <value>Arg0</value>
      <value>Arg1</value>
      <value>Arg2</value>
      <value>Arg3</value>
      <value>Arg4</value>
      <value>Arg5</value>
      <value>ArgM-ADV</value>
      <value>ArgM-CAU</value>
      <value>ArgM-DIR</value>
      <value>ArgM-DIS</value>
      <value>ArgM-EXT</value>
      <value>ArgM-LOC</value>
      <value>ArgM-MNR</value>
      <value>ArgM-MOD</value>
      <value>ArgM-NEG</value>
      <value>ArgM-PNC</value>
      <value>ArgM-PRD</value>
      <value>ArgM-REC</value>
      <value>ArgM-STR</value>
      <value>ArgM-TMP</value>
      <value>rel</value>
      <value>SYNT</value>
    </choice>
  </type>

  <type name="wk.type">
    <choice>
      <value>yes</value>
    </choice>
  </type>


</pml_schema>
